{
  "name": "DHT sensor library for ESPx",
  "keywords": "onewire, 1-wire, bus, sensor, temperature",
  "description": "Arduino ESP library for DHT11, DHT22, etc Temp & Humidity Sensors. Last changes: Fixed ESP8266 example.",
  "repository":
  {
    "type": "git",
    "url": "https://github.com/beegee-tokyo/DHTesp.git"
  },
  "version": "1.0.12",
  "frameworks": "arduino",
  "platforms": "*",
  "license": "GPL-3.0-only",
  "homepage": "http://desire.giesecke.tk/index.php/2018/01/30/esp32-dht11/"
}
